{
    "result": {
        "data": [
            {
                "id": 4,
                "lookupCode": "BANK_CODE",
                "lookupCodeId": "92248559",
                "language": "VN",
                "value": "ACB",
                "orderBy": "1"
            },
            {
                "id": 13,
                "lookupCode": "BANK_CODE",
                "lookupCodeId": "1700201199427",
                "language": "VN",
                "value": "AGRIBANK",
                "orderBy": "1"
            },
            {
                "id": 12,
                "lookupCode": "BANK_CODE",
                "lookupCodeId": "19120482878012",
                "language": "VN",
                "value": "AIRPAY",
                "orderBy": "1"
            },
            {
                "id": 9,
                "lookupCode": "BANK_CODE",
                "lookupCodeId": "0301707061",
                "language": "VN",
                "value": "CITI061",
                "orderBy": "1"
            },
            {
                "id": 8,
                "lookupCode": "BANK_CODE",
                "lookupCodeId": "0301707061",
                "language": "VN",
                "value": "DONG A",
                "orderBy": "1"
            },
            {
                "id": 6,
                "lookupCode": "BANK_CODE",
                "lookupCodeId": "0071000933645",
                "language": "VN",
                "value": "MOMO",
                "orderBy": "1"
            },
            {
                "id": 24,
                "lookupCode": "BANK_CODE",
                "lookupCodeId": "19020482878018",
                "language": "VN",
                "value": "PAYOO",
                "orderBy": "1"
            },
            {
                "id": 10,
                "lookupCode": "BANK_CODE",
                "lookupCodeId": "060108086559",
                "language": "VN",
                "value": "SACOMBANK",
                "orderBy": "1"
            },
            {
                "id": 2,
                "lookupCode": "BANK_CODE",
                "lookupCodeId": "0071004468889",
                "language": "VN",
                "value": "SMARTLINK",
                "orderBy": "1"
            },
            {
                "id": 3,
                "lookupCode": "BANK_CODE",
                "lookupCodeId": "10220482878022",
                "language": "VN",
                "value": "TCB022",
                "orderBy": "1"
            },
            {
                "id": 25,
                "lookupCode": "BANK_CODE",
                "lookupCodeId": "10120482878028",
                "language": "VN",
                "value": "TCB028",
                "orderBy": "1"
            },
            {
                "id": 1,
                "lookupCode": "BANK_CODE",
                "lookupCodeId": "0071004468898",
                "language": "VN",
                "value": "VCB",
                "orderBy": "1"
            },
            {
                "id": 11,
                "lookupCode": "BANK_CODE",
                "lookupCodeId": "121000059067",
                "language": "VN",
                "value": "VIETINBANK",
                "orderBy": "1"
            },
            {
                "id": 7,
                "lookupCode": "BANK_CODE",
                "lookupCodeId": "0301707118",
                "language": "VN",
                "value": "VIETTEL",
                "orderBy": "1"
            },
            {
                "id": 5,
                "lookupCode": "BANK_CODE",
                "lookupCodeId": "142438579",
                "language": "VN",
                "value": "VNPOST",
                "orderBy": "1"
            },
            {
                "id": 18,
                "lookupCode": "BANK_STATEMENT_TRX_STATUS",
                "lookupCodeId": "5",
                "language": "VN",
                "value": "Case Handled",
                "orderBy": "1"
            },
            {
                "id": 19,
                "lookupCode": "BANK_STATEMENT_TRX_STATUS",
                "lookupCodeId": "6",
                "language": "VN",
                "value": "Finance Dept Book",
                "orderBy": "1"
            },
            {
                "id": 14,
                "lookupCode": "BANK_STATEMENT_TRX_STATUS",
                "lookupCodeId": "1",
                "language": "VN",
                "value": "Matched",
                "orderBy": "1"
            },
            {
                "id": 15,
                "lookupCode": "BANK_STATEMENT_TRX_STATUS",
                "lookupCodeId": "2",
                "language": "VN",
                "value": "Pending",
                "orderBy": "1"
            },
            {
                "id": 17,
                "lookupCode": "BANK_STATEMENT_TRX_STATUS",
                "lookupCodeId": "4",
                "language": "VN",
                "value": "Refund",
                "orderBy": "1"
            },
            {
                "id": 16,
                "lookupCode": "BANK_STATEMENT_TRX_STATUS",
                "lookupCodeId": "3",
                "language": "VN",
                "value": "Revert",
                "orderBy": "1"
            },
            {
                "id": 23,
                "lookupCode": "LMS_TRX_STATUS",
                "lookupCodeId": "4",
                "language": "VN",
                "value": "Cancelled Trx",
                "orderBy": "1"
            },
            {
                "id": 20,
                "lookupCode": "LMS_TRX_STATUS",
                "lookupCodeId": "1",
                "language": "VN",
                "value": "Matched",
                "orderBy": "1"
            },
            {
                "id": 21,
                "lookupCode": "LMS_TRX_STATUS",
                "lookupCodeId": "2",
                "language": "VN",
                "value": "Money In Transit",
                "orderBy": "1"
            },
            {
                "id": 22,
                "lookupCode": "LMS_TRX_STATUS",
                "lookupCodeId": "3",
                "language": "VN",
                "value": "Uploaded the Pending Cases",
                "orderBy": "1"
            },
            {
                "id": 43,
                "lookupCode": "RECONCILE_PROC_STATUS",
                "lookupCodeId": "19",
                "language": "VN",
                "value": "ERROR",
                "orderBy": "0"
            },
            {
                "id": 41,
                "lookupCode": "RECONCILE_PROC_STATUS",
                "lookupCodeId": "10",
                "language": "VN",
                "value": "NORMAL",
                "orderBy": "0"
            },
            {
                "id": 42,
                "lookupCode": "RECONCILE_PROC_STATUS",
                "lookupCodeId": "11",
                "language": "VN",
                "value": "PROCESSING",
                "orderBy": "0"
            },
            {
                "id": 28,
                "lookupCode": "UPLOAD_FILE_STATUS",
                "lookupCodeId": "20",
                "language": "VN",
                "value": "DELETED",
                "orderBy": "0"
            },
            {
                "id": 27,
                "lookupCode": "UPLOAD_FILE_STATUS",
                "lookupCodeId": "16",
                "language": "VN",
                "value": "PENDING",
                "orderBy": "0"
            },
            {
                "id": 26,
                "lookupCode": "UPLOAD_FILE_STATUS",
                "lookupCodeId": "10",
                "language": "VN",
                "value": "SUCCESS",
                "orderBy": "0"
            }
        ],
        "count": "31"
    },
    "serverDate": "24/03/2021 11:11:07",
    "exceptionMessage": "",
    "status": true,
    "statusCode": 200
}
{
  "result": {
      "data": [
          {
              "loanNo": "100125493",
              "customerName": "NGUYỄN VĂN TRUNG",
              "authorizeDt": "22/11/2020",
              "firstDt": "10/12/2020",
              "branch": "M-Star",
              "roUser": "NGORODBL",
              "bankName": "AGRIBANK",
              "adType": "AUTOSAL",
              "doc36": "YES"
          },
          {
              "loanNo": "100125497",
              "customerName": "NGUYỄN VĂN TRUNG",
              "authorizeDt": "22/11/2020",
              "firstDt": "10/12/2020",
              "branch": "M-Star",
              "roUser": "NGORODBL",
              "bankName": "AGRIBANK",
              "adType": "AUTOSAL",
              "doc36": "YES"
          },
          {
              "loanNo": "100118041",
              "customerName": "NGUYỄN VĂN HƯNG",
              "authorizeDt": "22/11/2020",
              "firstDt": "10/12/2020",
              "branch": "Tan Binh HCM",
              "roUser": "NGORODBL",
              "bankName": "AGRIBANK",
              "adType": "CHANGEAUTOSAL",
              "autosalDay": "11",
              "doc36": "NO"
          },
          {
              "loanNo": "100125495",
              "customerName": "ĐINH TIẾN ĐẠT",
              "authorizeDt": "22/11/2020",
              "firstDt": "10/12/2020",
              "branch": "Saigon Trade Center",
              "roUser": "DT2ROCKT",
              "bankName": "AGRIBANK",
              "adType": "AUTOSAL",
              "doc36": "YES"
          },
          {
              "loanNo": "100117099",
              "customerName": "CAO VĂN BIÊN",
              "authorizeDt": "22/11/2020",
              "firstDt": "10/12/2020",
              "branch": "Lotus HN",
              "roUser": "DT2ROCKT",
              "bankName": "AGRIBANK",
              "adType": "CHANGEAUTOSAL",
              "autosalDay": "10",
              "doc36": "YES"
          },
          {
              "loanNo": "100115487",
              "customerName": "ĐINH TIẾN ĐẠT",
              "authorizeDt": "22/11/2020",
              "firstDt": "10/12/2020",
              "branch": "Saigon Trade Center",
              "roUser": "DT2ROCKT",
              "bankName": "AGRIBANK",
              "adType": "AUTOSAL",
              "doc36": "YES"
          },
          {
              "loanNo": "100116781",
              "customerName": "NGUYỄN VĂN TRUNG",
              "authorizeDt": "22/11/2020",
              "firstDt": "10/12/2020",
              "branch": "M-Star",
              "roUser": "NGORODBL",
              "bankName": "AGRIBANK",
              "adType": "AUTOSAL",
              "doc36": "YES"
          },
          {
              "loanNo": "100125496",
              "customerName": "VŨ ANH NGUYÊN",
              "authorizeDt": "14/03/2020",
              "firstDt": "01/04/2020",
              "branch": "M-Star",
              "roUser": "PICORONNT",
              "bankName": "AGRIBANK",
              "adType": "NOAUTOSAL",
              "autosalDay": "6",
              "doc36": "YES"
          },
          {
              "loanNo": "100125492",
              "customerName": "VŨ ANH NGUYÊN",
              "authorizeDt": "11/03/2020",
              "firstDt": "01/04/2020",
              "branch": "M-Star",
              "roUser": "PICORONNT",
              "bankName": "AGRIBANK",
              "adType": "NOAUTOSAL",
              "autosalDay": "6",
              "doc36": "YES"
          },
          {
              "loanNo": "100125498",
              "customerName": "LÊ HUY THẢO",
              "authorizeDt": "10/03/2020",
              "firstDt": "01/04/2020",
              "branch": "Binh Duong BN",
              "roUser": "CFCNNQ",
              "bankName": "AGRIBANK",
              "adType": "CHANGEAUTOSAL",
              "autosalDay": "6",
              "doc36": "YES"
          },
          {
              "loanNo": "100118245",
              "customerName": "NGUYỄN THỊ THÚY",
              "authorizeDt": "10/03/2020",
              "firstDt": "01/04/2020",
              "branch": "Tan Binh HCM",
              "roUser": "CFCNNQ",
              "bankName": "AGRIBANK",
              "adType": "NOAUTOSAL",
              "autosalDay": "10",
              "doc36": "NO"
          },
          {
              "loanNo": "100117983",
              "customerName": "VŨ ANH NGUYÊN",
              "authorizeDt": "10/03/2020",
              "firstDt": "01/04/2020",
              "branch": "M-Star",
              "roUser": "PICORONNT",
              "bankName": "AGRIBANK",
              "adType": "NOAUTOSAL",
              "autosalDay": "6",
              "doc36": "YES"
          },
          {
              "loanNo": "100117241",
              "customerName": "NGUYỄN KHẮC TOÁN",
              "authorizeDt": "10/03/2020",
              "firstDt": "01/04/2020",
              "branch": "Tan Binh HCM",
              "roUser": "PICORONNT",
              "bankName": "AGRIBANK",
              "adType": "AUTOSAL",
              "doc36": "NO"
          },
          {
              "loanNo": "100125494",
              "customerName": "LÊ HUY THẢO",
              "authorizeDt": "10/03/2020",
              "firstDt": "01/04/2020",
              "branch": "Binh Duong BN",
              "roUser": "CFCNNQ",
              "bankName": "AGRIBANK",
              "adType": "CHANGEAUTOSAL",
              "autosalDay": "6",
              "doc36": "YES"
          },
          {
              "loanNo": "100116617",
              "customerName": "LÊ HUY THẢO",
              "authorizeDt": "10/03/2020",
              "firstDt": "01/04/2020",
              "branch": "Binh Duong BN",
              "roUser": "CFCNNQ",
              "bankName": "AGRIBANK",
              "adType": "CHANGEAUTOSAL",
              "autosalDay": "6",
              "doc36": "YES"
          }
      ],
      "count": "15"
  },
  "serverDate": "01/04/2021 09:31:00",
  "exceptionMessage": "",
  "status": true,
  "statusCode": 200
}
